Id,suppdem
1,0.180729608
2,0.576670416
3,0.451938651
4,0.310804203
5,0.124075402
6,0.570421196
7,0.274920463
8,0.567633369
9,0.286429644
10,0.407786073
11,0.500932861
12,0.297000961
13,0.349514053
14,0.349075507
15,0.303751689
16,0.139911827
17,0.25343857
18,0.125067591
19,0.325868991
20,0.197714325
21,0.336054995
22,0.304021956
23,0.655686657
24,0.437555588
25,0.570225632
26,0.4827254
27,0.248992346
28,0.33906916
29,0.44789102
30,0.27084818
31,0.346257215
32,0.453702651
33,0.168372513
34,0.626391456
35,0.302585004
36,0.844872498
37,0.184273569
38,0.193479805
39,0.149631646
40,0.280911007
41,0.331916198
42,0.649536643
43,0.256266448
44,0.269796609
45,0.285202091
46,0.199745337
47,0.273682111
48,0.170642068
49,0.687227108
50,0.465023528
51,0.31064415
52,0.478912
53,0.412558972
54,0.853267427
55,0.446430345
56,0.407192887
57,0.191704859
58,0.293835873
59,0.234986987
60,0.260352829
61,0.294575852
62,0.168534514
63,0.12858567
64,0.311393865
65,0.238154413
66,0.447176567
67,0.297222594
68,0.347694726
69,0.137076119
70,0.216408923
71,0.61302126
72,0.22236217
73,0.583069097
74,0.164953981
75,0.140112707
76,0.391154426
77,0.477668391
78,0.228613211
79,0.435839343
80,0.787112296
81,0.13397378
82,0.488630658
83,0.172295134
84,0.413893709
85,0.335403709
86,0.265105708
87,0.189882306
88,0.160937613
89,0.594443496
90,0.486765461
91,0.289488728
92,0.163257648
93,0.235040031
94,0.259177767
95,0.493907922
96,0.211417977
97,0.330363238
98,0.190788995
99,0.164163485
100,0.36359566
101,0.735550839
102,0.452492841
103,0.472924915
104,0.191804128
105,0.226166831
106,0.567172441
107,0.601960959
108,0.501488538
109,0.350730787
110,0.211950784
111,0.496452776
112,0.730319217
113,0.375971842
114,0.273367772
115,0.302364733
116,0.517896114
117,0.648132338
118,0.244212751
119,0.181319797
120,0.890376692
121,0.662464504
122,0.394780381
123,0.83185629
124,0.300491391
125,0.157801474
126,0.723802579
127,0.111409337
128,0.414964023
129,0.673570917
130,0.328373807
131,0.107847596
132,0.485087352
133,0.252331101
134,0.126742372
135,0.751710449
136,0.163278099
137,0.179669256
138,0.216269375
139,0.219793845
140,0.590487479
141,0.3329436
142,0.387824747
143,0.350597073
144,0.403468183
145,0.192968304
146,0.287107589
147,0.287753079
148,0.438188225
149,0.138346833
150,0.324927941
151,0.393190242
152,0.564264677
153,0.253043171
154,0.284976115
155,0.430650484
156,0.743046161
157,0.193790399
158,0.502225686
159,0.695284879
160,0.287448879
161,0.207765147
162,0.367320904
163,0.574777159
164,0.683702228
165,0.356237146
166,0.337531907
167,0.62075592
168,0.248305646
169,0.275203276
170,0.073729294
171,0.177652249
172,0.361486665
173,0.473107383
174,0.190875171
175,0.395524155
176,0.366711774
177,0.524410891
178,0.199384759
179,0.197168927
180,0.338850694
181,0.539084893
182,0.399207854
183,0.212793306
184,0.479349778
185,0.413369296
186,0.363313806
187,0.431269508
188,0.101280533
189,0.248049999
190,0.640686662
191,0.55321872
192,0.254801058
193,0.170179712
194,0.653144513
195,0.222291322
196,0.344228669
197,0.273097307
198,0.062242024
199,0.371552535
200,0.31185506
201,0.480759465
202,0.083344639
203,0.296547399
204,0.281769409
205,0.44907549
206,0.350513242
207,0.583095156
208,0.349501593
209,0.450461524
210,0.220698478
211,0.33973928
212,0.366194957
213,0.34114353
214,0.225708938
215,0.725827019
216,0.166110782
217,0.753210037
218,0.465738451
219,0.78773777
220,0.278812252
221,0.114696004
222,0.274386716
223,0.366221887
224,0.519687255
225,0.198432484
226,0.812694845
227,0.138954153
228,0.789230972
229,0.555811948
230,0.291140437
231,0.141906368
232,0.318862173
233,0.24452876
234,0.175746049
235,0.33994776
236,0.525444517
237,0.41806944
238,0.285523287
239,0.254831115
240,0.186495623
241,0.241333071
242,0.649476768
243,0.267319903
244,0.118027234
245,0.541271669
246,0.269510921
247,0.255920364
248,0.436641742
249,0.070225934
250,0.484477671
251,0.363302793
252,0.624956044
253,0.229941433
254,0.163447363
255,0.446804348
256,0.096231372
257,0.495860096
258,0.653937414
259,0.307165693
260,0.524143705
261,0.340385679
262,0.285979116
263,0.227130783
264,0.122548281
265,0.482625498
266,0.410763294
267,0.229298247
268,0.431104256
269,0.280303566
270,0.692676022
271,0.465880392
272,0.398545532
273,0.180339307
274,0.115155021
275,0.562422694
276,0.220271354
277,0.20327076
278,0.237296606
279,0.491942015
280,0.467195588
281,0.423206836
282,0.286024754
283,0.386047271
284,0.376487296
285,0.437211048
286,0.288973298
287,0.50063351
288,0.606981466
289,0.094856472
290,0.247720233
291,0.275574105
292,0.24715882
293,0.743895916
294,0.265802685
295,0.578558145
296,0.439958788
297,0.253514747
298,0.359440856
299,0.360415142
300,0.27149211
301,0.355725832
302,0.186299972
303,0.431351051
304,0.497109129
305,0.303628842
306,0.824893657
307,0.657434021
308,0.151332731
309,0.329494438
310,0.509592592
311,0.226056672
312,0.375889934
313,0.171625379
314,0.760785728
315,0.465336278
316,0.108367305
317,0.162183451
318,0.182270573
319,0.179574009
320,0.364685037
321,0.364993669
322,0.86610054
323,0.638712973
324,0.237413388
325,0.328419077
326,0.097183546
327,0.214727697
328,0.212908564
329,0.465747077
330,0.202369525
331,0.505211937
332,0.184976154
333,0.2438068
334,0.562467543
335,0.772333815
336,0.395366381
337,0.28705366
338,0.53766186
339,0.44514275
340,0.251269077
341,0.712558411
342,0.18862596
343,0.249976895
344,0.22716462
345,0.168671283
346,0.266323048
347,0.321510008
348,0.643952099
349,0.779224554
350,0.229871144
351,0.483560116
352,0.310739269
353,0.159740566
354,0.283786144
355,0.416676914
356,0.270077285
357,0.609713843
358,0.166245967
359,0.440035403
360,0.166255448
361,0.446774398
362,0.326691941
363,0.153920198
364,0.142120157
365,0.792134888
366,0.33375107
367,0.166250287
368,0.413490549
369,0.227993036
370,0.38519415
371,0.152278131
372,0.227263018
373,0.257200975
374,0.377859028
375,0.17708644
376,0.196492041
377,0.607612969
378,0.090140267
379,0.037614496
380,0.407791511
381,0.393209592
382,0.648308439
383,0.620189102
384,0.228925203
385,0.166324227
386,0.288072342
387,0.43582599
388,0.391947531
389,0.720069553
390,0.789894523
391,0.257138568
392,0.448586848
393,0.213790277
394,0.823614192
395,0.397189721
396,0.321386365
397,0.400082121
398,0.372822838
399,0.851835818
400,0.064016741
401,0.226574072
402,0.416829699
403,0.150078867
404,0.198178119
405,0.405825636
406,0.58511809
407,0.707817857
408,0.102404845
409,0.400068057
410,0.415364757
411,0.213286427
412,0.126300707
413,0.338403782
414,0.5725301
415,0.265211874
416,0.597912302
417,0.27283417
418,0.461769038
419,0.319135603
420,0.378489699
421,0.543345134
422,0.193480413
423,0.147769811
424,0.145319576
425,0.62753982
426,0.29616157
427,0.26250145
428,0.673593607
429,0.391388987
430,0.229291857
431,0.185285183
432,0.422647709
433,0.529909556
434,0.159695938
435,0.686476984
436,0.380093594
437,0.454454957
438,0.825152151
439,0.422433381
440,0.275895664
441,0.458700875
442,0.287310873
443,0.0820772
444,0.286541311
445,0.310860279
446,0.238729658
447,0.782553783
448,0.380426914
449,0.277221345
450,0.231814171
451,0.564278202
452,0.336839721
453,0.390632043
454,0.080081905
455,0.345137623
456,0.192351572
457,0.619518044
458,0.765252407
459,0.358644879
460,0.365045793
461,0.71951411
462,0.48170492
463,0.502013056
464,0.252487027
465,0.118509214
466,0.780975168
467,0.108128972
468,0.175541984
469,0.451790054
470,0.09893802
471,0.335162781
472,0.241538209
473,0.462825435
474,0.417854584
475,0.264195084
476,0.231343414
477,0.103107379
478,0.275349717
479,0.783754516
480,0.192193711
481,0.641533602
482,0.526389959
483,0.521965426
484,0.339439272
485,0.029916835
486,0.657978082
487,0.363658908
488,0.583790292
489,0.196767035
490,0.147801219
491,0.4375202
492,0.380717589
493,0.251232636
494,0.240739876
495,0.167106995
496,0.309480407
497,0.769701561
498,0.467855981
499,0.371099436
500,0.122406239
501,0.35006397
502,0.493722867
503,0.246370401
504,0.398384662
505,0.694335342
506,0.147254556
507,0.157797852
508,0.662610505
509,0.624684448
510,0.603066437
511,0.278511235
512,0.576372296
513,0.126380558
514,0.746047335
515,0.290418186
516,0.230468075
517,0.136577422
518,0.682991614
519,0.127246931
520,0.30054544
521,0.59742958
522,0.361588708
523,0.377886478
524,0.226460075
525,0.53102587
526,0.46773971
527,0.273916952
528,0.235526148
529,0.417977583
530,0.395679879
531,0.300518483
532,0.615217135
533,0.158377651
534,0.625923877
535,0.587651993
536,0.272380337
537,0.256544963
538,0.160609653
539,0.119871584
540,0.398023434
541,0.353620909
542,0.524665436
543,0.307733278
544,0.239297642
545,0.259304414
546,0.408358329
547,0.1422082
548,0.787137843
549,0.242358549
550,0.354572183
551,0.325447284
552,0.272060177
553,0.381286116
554,0.352925068
555,0.168752535
556,0.237990571
557,0.628236554
558,0.151924146
559,0.510065786
560,0.253705719
561,0.35628406
562,0.187206419
563,0.453742452
564,0.207165108
565,0.505806421
566,0.503008406
567,0.394177859
568,0.170615276
569,0.195063872
570,0.577372157
571,0.174026743
572,0.315580676
573,0.273860436
574,0.232349448
575,0.282174454
576,0.414206859
577,0.232029672
578,0.210841766
579,0.135665654
580,0.338734995
581,0.28670235
582,0.534908284
583,0.221103715
584,0.385342892
585,0.345699598
586,0.359399948
587,0.164750061
588,0.283279801
589,0.565735992
590,0.293747391
591,0.42262252
592,0.172481997
593,0.243693918
594,0.087539474
595,0.273675961
596,0.237051389
597,0.836877031
598,0.298848918
599,0.122953446
600,0.186054891
601,0.212855622
602,0.389632852
603,0.272786758
604,0.615814438
605,0.700877094
606,0.483684695
607,0.156036182
608,0.123489687
609,0.188038118
610,0.114399617
611,0.520773388
612,0.213255375
613,0.308093723
614,0.342216148
615,0.263026216
616,0.723394629
617,0.175423165
618,0.509490209
619,0.483650049
620,0.565651769
621,0.214163417
622,0.674652795
623,0.166264225
624,0.188122691
625,0.192151047
626,0.444119085
627,0.220604343
628,0.171363055
629,0.219436703
630,0.421516325
631,0.507579893
632,0.15786606
633,0.688299961
634,0.261848564
635,0.59605518
636,0.507111285
637,0.682004805
638,0.649711159
639,0.147474591
640,0.132294957
641,0.299758419
642,0.399219544
643,0.28716833
644,0.486443393
645,0.173341623
646,0.147803924
647,0.218805073
648,0.119027535
649,0.544944159
650,0.764069492
651,0.191436276
652,0.435641891
653,0.205480101
654,0.147402368
655,0.294514131
656,0.204245976
657,0.302086108
658,0.303149139
659,0.381912858
660,0.549616932
661,0.232391393
662,0.399428997
663,0.441300669
664,0.46945814
665,0.339624798
666,0.230581301
667,0.325180246
668,0.759858575
669,0.336621542
670,0.230153921
671,0.422126372
672,0.190989613
673,0.351022336
674,0.148953777
675,0.43651112
676,0.442242844
677,0.487967069
678,0.249685071
679,0.773525941
680,0.252161046
681,0.359149071
682,0.607928067
683,0.144334629
684,0.253379424
685,0.548742607
686,0.360378612
687,0.200127658
688,0.413526382
689,0.551942917
690,0.24719483
691,0.562104321
692,0.246009804
693,0.250432482
694,0.325232594
695,0.166515246
696,0.341118759
697,0.229013401
698,0.347639038
699,0.478962161
700,0.302227925
701,0.187345231
702,0.203573357
703,0.159356885
704,0.264664306
705,0.205043569
706,0.229870824
707,0.38659242
708,0.670849542
709,0.235722304
710,0.197381989
711,0.214118098
712,0.326599335
713,0.330273077
714,0.29953669
715,0.503802481
716,0.375661354
717,0.691425631
718,0.456785896
719,0.610905754
720,0.611972044
721,0.20341596
722,0.494744013
723,0.609364696
724,0.719177231
725,0.410512641
726,0.467721356
727,0.32392803
728,0.326762538
729,0.379920691
730,0.274964704
731,0.389523906
732,0.608712683
733,0.390977626
734,0.359684524
735,0.421983657
736,0.324905054
737,0.275635517
738,0.790923025
739,0.274479215
740,0.369835371
741,0.296008139
742,0.587621509
743,0.315288653
744,0.506145905
745,0.345293356
746,0.169524868
747,0.332407002
748,0.130481351
749,0.365364792
750,0.487865224
751,0.305953389
752,0.51223006
753,0.389971139
754,0.229966471
755,0.482608761
756,0.533024212
757,0.195218477
758,0.765154469
759,0.448112789
760,0.73703059
761,0.436903536
762,0.328761823
763,0.30248725
764,0.145665512
765,0.165345813
766,0.798757879
767,0.167983182
768,0.198480432
769,0.50676114
770,0.763546536
771,0.545182138
772,0.302814187
773,0.211582819
774,0.794475864
775,0.286437243
776,0.462824116
777,0.313884211
778,0.577880971
779,0.569384051
780,0.169481663
781,0.20144852
782,0.37284573
783,0.536578017
784,0.330208799
785,0.070811776
786,0.647302382
787,0.352974352
788,0.165902737
789,0.560641624
790,0.196164459
791,0.313394267
792,0.553491856
793,0.244250698
794,0.577202337
795,0.327011014
796,0.547814711
797,0.386851642
798,0.288352602
799,0.212977573
800,0.308022246
801,0.343214612
802,0.33481407
803,0.231726775
804,0.372911295
805,0.251672783
806,0.328783938
807,0.221145232
808,0.470603605
809,0.2932206
810,0.206321718
811,0.489015592
812,0.701842111
813,0.614720713
814,0.178728756
815,0.297043025
816,0.309531711
817,0.245694734
818,0.505244356
819,0.377931309
820,0.219261827
821,0.324694898
822,0.223921257
823,0.118425128
824,0.167886748
825,0.217329881
826,0.528642427
827,0.42824866
828,0.203677682
829,0.491724176
830,0.40560747
831,0.447375197
832,0.643000053
833,0.227359109
834,0.190460103
835,0.118003059
836,0.27630765
837,0.661175114
838,0.747948064
839,0.267120288
840,0.268596842
841,0.284878149
842,0.315466601
843,0.395845816
844,0.589005056
845,0.714605348
846,0.327490415
847,0.413558489
848,0.213939535
849,0.28913184
850,0.718978598
851,0.177853961
852,0.818219851
853,0.431999506
854,0.748458281
855,0.433352785
856,0.359205523
857,0.230271464
858,0.304287109
859,0.517866077
860,0.23699032
861,0.392993494
862,0.083657037
863,0.401956531
864,0.309632513
865,0.270811972
866,0.613850362
867,0.404798703
868,0.771237787
869,0.209979056
870,0.200984106
871,0.449627958
872,0.212828528
873,0.427534115
874,0.455757682
875,0.503690959
876,0.345160556
877,0.331600477
878,0.536894587
879,0.137243864
880,0.343858046
881,0.40945853
882,0.847351517
883,0.247028722
884,0.401654586
885,0.26747552
886,0.488511901
887,0.350559993
888,0.365532235
889,0.24654515
890,0.421899464
891,0.310784805
892,0.598919362
893,0.572653514
894,0.126162117
895,0.395792853
896,0.328899976
897,0.259211363
898,0.447351403
899,0.309425882
900,0.425674315
901,0.237727245
902,0.295460461
903,0.435881569
904,0.149018161
905,0.50123433
906,0.483564039
907,0.317783846
908,0.793369292
909,0.286666261
910,0.553331552
911,0.302781097
912,0.548509626
913,0.283458587
914,0.369087777
915,0.311807615
916,0.289125083
917,0.435064981
918,0.225796931
919,0.349547886
920,0.522034946
921,0.263998157
922,0.473387691
923,0.331489241
924,0.3807225
925,0.605137269
926,0.362322039
927,0.286333906
928,0.274232059
929,0.530304069
930,0.463531256
931,0.279116769
932,0.568138821
933,0.43103386
934,0.290312002
935,0.522541206
936,0.303387607
937,0.623861293
938,0.155033772
939,0.308209996
940,0.246107706
941,0.584624588
942,0.69125298
943,0.139923132
944,0.282235054
945,0.352659104
946,0.62358791
947,0.633622492
948,0.475995415
949,0.506229441
950,0.347247367
951,0.352447868
952,0.239266749
953,0.233998395
954,0.486738902
955,0.338664803
956,0.262176086
957,0.377288755
958,0.252197552
959,0.212557323
960,0.645819517
961,0.311145243
962,0.454658971
963,0.618551975
964,0.526374099
965,0.468192795
966,0.275480899
967,0.304762612
968,0.154243613
969,0.699802094
970,0.317836257
971,0.311038021
972,0.480533493
973,0.399875732
974,0.246757907
975,0.314985784
976,0.226132295
977,0.68058309
978,0.334122311
979,0.247249667
980,0.410379324
981,0.244239428
982,0.374089287
983,0.153092185
984,0.158946712
985,0.349643442
986,0.220836085
987,0.494169708
988,0.435663359
989,0.548649795
990,0.136238957
991,0.245856298
992,0.103333166
993,0.702356445
994,0.770879876
995,0.464325332
996,0.148585711
997,0.339268577
998,0.542138898
999,0.343421796
1000,0.255685369
1001,0.230503708
1002,0.267637307
1003,0.840444774
1004,0.216233465
1005,0.223222006
1006,0.379719086
1007,0.39077914
1008,0.311700658
1009,0.917672294
1010,0.496338761
1011,0.520735044
1012,0.427936354
1013,0.170482852
1014,0.371693694
1015,0.526805127
1016,0.105959862
1017,0.283926112
1018,0.358118938
1019,0.356761915
1020,0.60418914
1021,0.359944656
1022,0.440067135
1023,0.208432199
1024,0.225726454
1025,0.277263411
1026,0.253163892
1027,0.645961305
1028,0.26214249
1029,0.19672154
1030,0.247710907
1031,0.264875841
1032,0.368568473
1033,0.728180894
1034,0.111820766
1035,0.689829592
1036,0.476580415
1037,0.332920156
1038,0.371866745
1039,0.3632043
1040,0.322572612
1041,0.661502512
1042,0.219977839
1043,0.803105058
1044,0.378946223
1045,0.776546925
1046,0.359341154
1047,0.447356382
1048,0.230714793
1049,0.239376802
1050,0.322259301
1051,0.499397201
1052,0.172659305
1053,0.410136313
1054,0.365034741
1055,0.829618226
1056,0.231280583
1057,0.590368502
1058,0.269991372
1059,0.296616517
1060,0.127160973
1061,0.352502754
1062,0.346451579
1063,0.122797475
1064,0.330583846
1065,0.388866477
1066,0.489954375
1067,0.230843187
1068,0.294669902
1069,0.229074786
1070,0.417678336
1071,0.394459298
1072,0.307538033
1073,0.294098614
1074,0.269361526
1075,0.341760162
1076,0.350433791
1077,0.335541307
1078,0.374745878
1079,0.506032821
1080,0.377588412
1081,0.180482156
1082,0.213727599
1083,0.365540044
1084,0.393070578
1085,0.577869926
1086,0.159335674
1087,0.677005611
1088,0.480228839
1089,0.429724686
1090,0.292726174
1091,0.198095788
1092,0.194299918
1093,0.343633474
1094,0.328225701
1095,0.634825661
1096,0.522170462
1097,0.22118419
1098,0.145406287
1099,0.277437518
1100,0.167417692
1101,0.706921542
1102,0.378646838
1103,0.280271667
1104,0.78778786
1105,0.398415615
1106,0.339637334
1107,0.502683211
1108,0.400620337
1109,0.282872361
1110,0.34691458
1111,0.532394805
1112,0.434539825
1113,0.235107428
1114,0.398518978
1115,0.296141565
1116,0.410004516
1117,0.318143456
1118,0.471655844
1119,0.303495271
1120,0.423936539
1121,0.398043556
1122,0.290944807
1123,0.468789126
1124,0.271757815
1125,0.348139481
1126,0.530095503
1127,0.372786462
1128,0.214133987
1129,0.309087052
1130,0.281326406
1131,0.204707716
1132,0.175667384
1133,0.470279148
1134,0.524130927
1135,0.402354493
1136,0.540172847
1137,0.494980193
1138,0.500567011
1139,0.791680046
1140,0.378018898
1141,0.564987613
1142,0.809555306
1143,0.290736607
1144,0.713029714
1145,0.776335706
1146,0.275194216
1147,0.138486541
1148,0.235828427
1149,0.746528557
1150,0.329426492
1151,0.212752761
1152,0.735713983
1153,0.220668734
1154,0.305982636
1155,0.611185146
1156,0.676707224
1157,0.304255772
1158,0.315739676
1159,0.204987673
1160,0.44756098
1161,0.278452575
1162,0.289995132
1163,0.563861801
1164,0.191421215
1165,0.495763244
1166,0.301133747
1167,0.506750764
1168,0.224847637
1169,0.782910693
1170,0.280043638
1171,0.420497701
1172,0.350102234
1173,0.19524168
1174,0.429860969
1175,0.632413992
1176,0.404752148
1177,0.215320329
1178,0.157538277
1179,0.315635204
1180,0.494392641
1181,0.640547206
1182,0.084144101
1183,0.614031704
1184,0.072547368
1185,0.20728596
1186,0.223801248
1187,0.291494446
1188,0.243117869
1189,0.178919778
1190,0.304087654
1191,0.48792447
1192,0.500171614
1193,0.489418318
1194,0.170592402
1195,0.440545239
1196,0.723247042
1197,0.195862588
1198,0.566606989
1199,0.312621589
1200,0.336110851
1201,0.668097294
1202,0.446516834
1203,0.529924598
1204,0.385663681
1205,0.382920266
1206,0.259040476
1207,0.450064798
1208,0.399276782
1209,0.335331634
1210,0.234757971
1211,0.46357432
1212,0.826042818
1213,0.515583067
1214,0.562773722
1215,0.19417983
1216,0.60204567
1217,0.48083169
1218,0.396227625
1219,0.577487635
1220,0.116370109
1221,0.595655459
1222,0.566173726
1223,0.237396357
1224,0.729673557
1225,0.537391051
1226,0.37725971
1227,0.781286968
1228,0.467316285
1229,0.359509058
1230,0.241004264
1231,0.188785809
1232,0.62556328
1233,0.106051641
1234,0.369354695
1235,0.611216129
1236,0.288323203
1237,0.325791201
1238,0.38354176
1239,0.177623431
1240,0.346557189
1241,0.424519626
1242,0.203354217
1243,0.361720691
1244,0.836345527
1245,0.564368094
1246,0.269156952
1247,0.249626247
1248,0.211268294
1249,0.260529473
1250,0.367031697
1251,0.307928415
1252,0.235360248
1253,0.470340021
1254,0.661698319
1255,0.427269954
1256,0.147534186
1257,0.12570103
1258,0.351902948
1259,0.246763406
1260,0.412579784
1261,0.330191117
1262,0.340387034
1263,0.553660203
1264,0.187591328
1265,0.343458058
1266,0.454786284
1267,0.387082653
1268,0.702852304
1269,0.775339546
1270,0.383399378
1271,0.315335603
1272,0.230997968
1273,0.097397924
1274,0.127537547
1275,0.353506093
1276,0.532266633
1277,0.082045114
1278,0.780458317
1279,0.358924093
1280,0.217129657
1281,0.383417561
1282,0.735803811
1283,0.338859228
1284,0.526246189
1285,0.460445447
1286,0.511641289
1287,0.445280828
1288,0.391227855
1289,0.383276946
1290,0.219688222
1291,0.590672727
1292,0.270405727
1293,0.285049076
1294,0.313691015
1295,0.152612463
1296,0.246938048
1297,0.455633992
1298,0.444299723
1299,0.259609592
1300,0.294807312
1301,0.216867717
1302,0.590153521
1303,0.551617442
1304,0.270634026
1305,0.29705551
1306,0.332584016
1307,0.339472603
1308,0.734580368
1309,0.216691613
1310,0.219672558
1311,0.680284942
1312,0.369405072
1313,0.566340824
1314,0.525751412
1315,0.232678925
1316,0.156630043
1317,0.442428951
1318,0.263302351
1319,0.257927067
1320,0.261418427
1321,0.19734645
1322,0.245033214
1323,0.205576032
1324,0.245874377
1325,0.563901809
1326,0.279595002
1327,0.625220155
1328,0.406699901
1329,0.360641703
1330,0.226897925
1331,0.378099562
1332,0.346014214
1333,0.203208058
1334,0.185676576
1335,0.400322881
1336,0.408592137
1337,0.600645702
1338,0.120482469
1339,0.410999039
1340,0.404921612
1341,0.560029717
1342,0.294697906
1343,0.107548695
1344,0.302275578
1345,0.32590696
1346,0.148146689
1347,0.301376798
1348,0.30387416
1349,0.362669804
1350,0.226369421
1351,0.226629552
1352,0.189518497
1353,0.593734174
1354,0.477288764
1355,0.460063565
1356,0.162566174
1357,0.606677769
1358,0.386516759
1359,0.160462655
1360,0.319020629
1361,0.867580321
1362,0.128217602
1363,0.21956382
1364,0.401616378
1365,0.240721132
1366,0.229726157
1367,0.269591015
1368,0.309190975
1369,0.351403439
1370,0.395686528
1371,0.270769406
1372,0.323291395
1373,0.203455566
1374,0.320670167
1375,0.22753084
1376,0.200486785
1377,0.513388381
1378,0.575364668
1379,0.331674806
1380,0.779726584
1381,0.712227949
1382,0.204151809
1383,0.642467687
1384,0.430119862
1385,0.595763651
1386,0.251416671
1387,0.386052924
1388,0.662535681
1389,0.134411878
1390,0.42201177
1391,0.178490117
1392,0.599542924
1393,0.180387908
1394,0.316207886
1395,0.788861643
1396,0.828321351
1397,0.450036978
1398,0.544299798
1399,0.439652899
1400,0.287685727
1401,0.296766774
1402,0.396022617
1403,0.250990499
1404,0.539259097
1405,0.712216223
1406,0.378745365
1407,0.246964711
1408,0.341972407
1409,0.154721741
1410,0.578474542
1411,0.256383094
1412,0.144789141
1413,0.276295639
1414,0.438401046
1415,0.20900365
1416,0.76690521
1417,0.220446671
1418,0.416395528
1419,0.399315067
1420,0.199687317
1421,0.475159082
1422,0.618620595
1423,0.286061275
1424,0.310742089
1425,0.593326507
1426,0.836009852
1427,0.179590001
1428,0.260875229
1429,2.17E-06
1430,0.434031686
1431,0.707738212
1432,0.258597307
1433,0.240561721
1434,0.590239372
1435,0.324122031
1436,0.339931947
1437,0.241885211
1438,0.314630845
1439,0.422132147
1440,0.414352332
1441,0.32934023
1442,0.348128354
1443,0.625690053
1444,0.553092612
1445,0.231220796
1446,0.439889877
1447,0.068793675
1448,0.299614348
1449,0.440168323
1450,0.220716984
1451,0.220189236
1452,0.279803196
1453,0.208015258
1454,0.209266172
1455,0.435053272
1456,0.410645104
1457,0.263440287
1458,0.279976296
1459,0.554623481
1460,0.165401272
1461,0.165717064
1462,0.199259429
1463,0.605478937
1464,0.228740762
1465,0.705166999
1466,0.244474056
1467,0.082121639
1468,0.498410128
1469,0.071586992
1470,0.483652606
1471,0.422009515
1472,0.450152298
1473,0.371073775
1474,0.495072228
1475,0.540292216
1476,0.600988838
1477,0.314538939
1478,0.227574557
1479,0.624767778
1480,0.41610548
1481,0.393080191
1482,0.559121511
1483,0.504002215
1484,0.477303626
1485,0.731079878
1486,0.241483809
1487,0.144055149
1488,0.076201292
1489,0.493690145
1490,0.47972826
1491,0.422590428
1492,0.445221177
1493,0.705554041
1494,0.34832667
1495,0.358354912
1496,0.636890671
1497,0.132396757
1498,0.213839146
1499,0.309228785
1500,0.612838287
1501,0.141218909
1502,0.313609437
1503,0.364590847
1504,0.351182127
1505,0.223686151
1506,0.50998519
1507,0.485586244
1508,0.558518767
1509,0.30584022
1510,0.473883534
1511,0.11170879
1512,0.304567662
1513,0.495444585
1514,0.289881287
1515,0.309695032
1516,0.336472854
1517,0.571573044
1518,0.054199156
1519,0.302110493
1520,0.1653478
1521,0.62273615
1522,0.597710052
1523,0.568301097
1524,0.258525735
1525,0.348945231
1526,0.325564596
1527,0.139331252
1528,0.239449492
1529,0.479096262
1530,0.261145105
1531,0.303817992
1532,0.334637601
1533,0.206804276
1534,0.355858089
1535,0.324037453
1536,0.476127365
1537,0.8425424
1538,0.272776893
1539,0.583391779
1540,0.399374191
1541,0.440101954
1542,0.386771888
1543,0.527488586
1544,0.112688062
1545,0.511555249
1546,0.555194137
1547,0.399816153
1548,0.420739889
1549,0.35116758
1550,0.240820525
1551,0.561647942
1552,0.444716332
1553,0.250757105
1554,0.195879148
1555,0.669226793
1556,0.208584855
1557,0.409573456
1558,0.603332333
1559,0.075991946
1560,0.675656299
1561,0.312514419
1562,0.389067525
1563,0.360011754
1564,0.297949101
1565,0.415052391
1566,0.304934303
1567,0.339333865
1568,0.106329896
1569,0.806944186
1570,0.83463881
1571,0.5551092
1572,0.532558386
1573,0.457646635
1574,0.313192781
1575,0.269508135
1576,0.280342217
1577,0.232840116
1578,0.467658578
1579,0.620026543
1580,0.571652742
1581,0.305913178
1582,0.439145092
1583,0.212936803
1584,0.141910133
1585,0.275813719
1586,0.146127397
1587,0.160281079
1588,0.507021527
1589,0.284931662
1590,0.190580077
1591,0.447377976
1592,0.379193043
1593,0.230677861
1594,0.305337612
1595,0.339376352
1596,0.306295901
1597,0.166174808
1598,0.397792493
1599,0.683121703
1600,0.627159547
1601,0.250494784
1602,0.354700247
1603,0.10727531
1604,0.27278357
1605,0.471875374
1606,0.644342132
1607,0.179195831
1608,0.719465408
1609,0.564638997
1610,0.193969398
1611,0.094604663
1612,0.36714878
1613,0.339971749
1614,0.346945393
1615,0.2075862
1616,0.6549343
1617,0.244299038
1618,0.444663392
1619,0.186388074
1620,0.102727676
1621,0.132888025
1622,0.621746532
1623,0.426477384
1624,0.323831844
1625,0.248554347
1626,0.565174657
1627,0.226085054
1628,0.413436155
1629,0.682028537
1630,0.279729911
1631,0.587975554
1632,0.493125369
1633,0.79588934
1634,0.470105912
1635,0.315041069
1636,0.289892893
1637,0.196302069
1638,0.209958785
1639,0.191255775
1640,0.493156892
1641,0.14798825
1642,0.223728792
1643,0.231916525
1644,0.263174148
1645,0.442836057
1646,0.111481616
1647,0.505926188
1648,0.262718483
1649,0.351800799
1650,0.763575503
1651,0.199910772
1652,0.710187827
1653,0.138484785
1654,0.206403735
1655,0.266524693
1656,0.479832385
1657,0.717258953
1658,0.67960773
1659,0.202358763
1660,0.134865702
1661,0.103355124
1662,0.286929259
1663,0.203877843
1664,0.877456083
1665,0.311703922
1666,0.715216151
1667,0.386056413
1668,0.618052152
1669,0.495506213
1670,0.505821495
1671,0.1283034
1672,0.123603863
1673,0.296084198
1674,0.470720681
1675,0.657532749
1676,0.267817193
1677,0.500292651
1678,0.303035019
1679,0.337573724
1680,0.380992095
1681,0.161552326
1682,0.695883045
1683,0.626273549
1684,0.321624481
1685,0.320718787
1686,0.385635769
1687,0.490721051
1688,0.180003939
1689,0.264177324
1690,0.338955492
1691,0.240448415
1692,0.251756459
1693,0.210912326
1694,0.287855778
1695,0.350338216
1696,0.461672697
1697,0.857178056
1698,0.413982918
1699,0.179913431
1700,0.503646932
1701,0.573008673
1702,0.710131504
1703,0.580475486
1704,0.180400767
1705,0.373862299
1706,0.701439475
1707,0.239726236
1708,0.300427862
1709,0.030296785
1710,0.334770596
1711,0.526546533
1712,0.748286041
1713,0.594866127
1714,0.332473972
1715,0.244819678
1716,0.315243754
1717,0.151266043
1718,0.160858865
1719,0.263405818
1720,0.134893704
1721,0.603237567
1722,0.428876134
1723,0.086935482
1724,0.240874221
1725,0.584108217
1726,0.515231866
1727,0.237129925
1728,0.206016181
1729,0.400237224
1730,0.1506297
1731,0.148945128
1732,0.37116937
1733,0.309256675
1734,0.267563898
1735,0.343925186
1736,0.346420784
1737,0.257892809
1738,0.147199797
1739,0.309643056
1740,0.268455669
1741,0.246705716
1742,0.110341432
1743,0.230415995
1744,0.312902144
1745,0.132048772
1746,0.21599381
1747,0.310323326
1748,0.103382859
1749,0.129822953
1750,0.188200372
1751,0.328145011
1752,0.267379573
1753,0.343626316
1754,0.658508506
1755,0.670861578
1756,0.23056245
1757,0.110367918
1758,0.31480281
1759,0.620914546
1760,0.443604296
1761,0.281906857
1762,0.844176022
1763,0.386103253
1764,0.376250327
1765,0.341297738
1766,0.882984146
1767,0.336826932
1768,0.641588816
1769,0.126939872
1770,0.175757757
1771,0.314014859
1772,0.341850931
1773,0.346538453
1774,0.308061706
1775,0.302528686
1776,0.090262074
1777,0.111109438
1778,0.118832173
1779,0.369814577
1780,0.229317205
1781,0.223431677
1782,0.853159699
1783,0.538593851
1784,0.522718938
1785,0.333096887
1786,0.424815326
1787,0.104962869
1788,0.697448617
1789,0.378866465
1790,0.499579606
1791,0.697422692
1792,0.48760708
1793,0.259320231
1794,0.203958704
1795,0.367876373
1796,0.244825769
1797,0.302746741
1798,0.282153385
1799,0.294487968
1800,0.315285282
1801,0.31071058
1802,0.723603121
1803,0.346319664
1804,0.573710793
1805,0.249334119
1806,0.341593574
1807,0.226531345
1808,0.462298565
1809,0.63709436
1810,0.426875087
1811,0.224912918
1812,0.187550755
1813,0.311580583
1814,0.20885231
1815,0.293838899
1816,0.198858877
1817,0.569461627
1818,0.669354523
1819,0.640415403
1820,0.49483314
1821,0.196730761
1822,0.26305508
1823,0.760872669
1824,0.346706972
1825,0.59666662
1826,0.398743748
1827,0.281579429
1828,0.291309414
1829,0.135011298
1830,0.471027405
1831,0.476008764
1832,0.323963836
1833,0.566074027
1834,0.245429483
1835,0.352672496
1836,0.307079712
1837,0.395319464
1838,0.48261989
1839,0.569632527
1840,0.426298083
1841,0.189355159
1842,0.36541481
1843,0.238556861
1844,0.167411252
1845,0.22839986
1846,0.43335073
1847,0.512764533
1848,0.552462532
1849,0.153140342
1850,0.419429181
1851,0.421915344
1852,0.724969382
1853,0.16961077
1854,0.372057424
1855,0.125577717
1856,0.246966423
1857,0.2718419
1858,0.527739402
1859,0.255408955
1860,0.629730039
1861,0.370074649
1862,0.356012027
1863,0.381510699
1864,0.447517565
1865,0.186659891
1866,0.094426853
1867,0.409267674
1868,0.359950558
1869,0.350643139
1870,0.759804796
1871,0.507449214
1872,0.265050113
1873,0.607106225
1874,0.493224197
1875,0.033875504
1876,0.678248757
1877,0.199353736
1878,0.24529983
1879,0.711771828
1880,0.592455233
1881,0.216988991
1882,0.613391324
1883,0.176492448
1884,0.370610308
1885,0.420075025
1886,0.454174081
1887,0.342097547
1888,0.240669847
1889,0.244819875
1890,0.307877522
1891,0.604860208
1892,0.229908296
1893,0.22331649
1894,0.763455932
1895,0.267778673
1896,0.13059758
1897,0.493435883
1898,0.300078756
1899,0.258337162
1900,0.660298599
1901,0.301151479
1902,0.377472662
1903,0.278158505
1904,0.34400047
1905,0.110221108
1906,0.230648804
1907,0.222990958
1908,0.42184762
1909,0.317346041
1910,0.849352882
1911,0.451595622
1912,0.324542816
1913,0.473569568
1914,0.250833551
1915,0.185339659
1916,0.336521335
1917,0.635444179
1918,0.736325731
1919,0.395229899
1920,0.344474232
1921,0.652871352
1922,0.487634269
1923,0.50559175
1924,0.441700445
1925,0.323554657
1926,0.18195509
1927,0.282705807
1928,0.28525532
1929,0.417910422
1930,0.174199303
1931,0.198449634
1932,0.48902878
1933,0.439129868
1934,0.047656561
1935,0.592046496
1936,0.215275226
1937,0.4960693
1938,0.26287902
1939,0.251130053
1940,0.60100083
1941,0.380815365
1942,0.242286273
1943,0.096419097
1944,0.433797028
1945,0.598432799
1946,0.333726652
1947,0.334549534
1948,0.510117041
1949,0.768286536
1950,0.440604654
1951,0.461196348
1952,0.129937721
1953,0.191237782
1954,0.291544621
1955,0.574000719
1956,0.326960947
1957,0.193786885
1958,0.415882796
1959,0.24850169
1960,0.619406088
1961,0.100277123
1962,0.418808459
1963,0.194196111
1964,0.395319445
1965,0.566308638
1966,0.332235673
1967,0.420677047
1968,0.466255177
1969,0.278374407
1970,0.077573046
1971,0.793184557
1972,0.560334082
1973,0.519760961
1974,0.25295597
1975,0.674030177
1976,0.695631672
1977,0.312775383
1978,0.375086571
1979,0.276675093
1980,0.222262272
1981,0.49903126
1982,0.251531905
1983,0.157809115
1984,0.51938504
1985,0.429534978
1986,0.744477618
1987,0.762774215
1988,0.197593157
1989,0.258398953
1990,0.255687165
1991,0.541792021
1992,0.669784668
1993,0.789170287
1994,0.284925698
1995,0.262518875
1996,0.250799165
1997,0.328917953
1998,0.278920283
1999,0.434834588
2000,0.650222435
2001,0.349967531
2002,0.178118954
2003,0.082271744
2004,0.298186433
2005,0.338183466
2006,0.173703751
2007,0.214262555
2008,0.552926741
2009,0.494914317
2010,0.206682386
2011,0.627383145
2012,0.247021367
2013,0.267318911
2014,0.681596225
2015,0.39208443
2016,0.528622111
2017,0.551325245
2018,0.529158544
2019,0.320771448
2020,0.471951487
2021,0.462812833
2022,0.182569536
2023,0.676017858
2024,0.523720988
2025,0.204635952
2026,0.448269506
2027,0.177193108
2028,0.810054068
2029,0.79146215
2030,0.405886441
2031,0.318357021
2032,0.481112059
2033,0.407973432
2034,0.433867985
2035,0.399485516
2036,0.24346214
2037,0.326562416
2038,0.095169668
2039,0.374328981
2040,0.216223722
2041,0.181903845
2042,0.835492313
2043,0.234440849
2044,0.41953122
2045,0.825810675
2046,0.332481904
2047,0.341087408
2048,0.57813863
2049,0.045785786
2050,0.509636237
2051,0.486120049
2052,0.410102795
2053,0.452231905
2054,0.489312919
2055,0.164542357
2056,0.231494648
2057,0.373580097
2058,0.78309637
2059,0.262921001
2060,0.279159996
2061,0.259146172
2062,0.397922393
2063,0.420864412
2064,0.397833561
2065,0.337212102
2066,0.241420792
2067,0.356669994
2068,0.185016653
2069,0.507052694
2070,0.588537479
2071,0.240114933
2072,0.189077824
2073,0.566872485
2074,0.393612849
2075,0.482525811
2076,0.687286561
2077,0.517074644
2078,0.20209271
2079,0.450530437
2080,0.450406918
2081,0.477220898
2082,0.278158925
2083,0.658529273
2084,0.315082345
2085,0.359512362
2086,0.328436597
2087,0.449776638
2088,0.43305231
2089,0.188181102
2090,0.558127086
2091,0.483047531
2092,0.111759766
2093,0.663449714
2094,0.420576444
2095,0.568055297
2096,0.335025652
2097,0.20569828
2098,0.367441399
2099,0.653145434
2100,0.567880461
2101,0.361341881
2102,0.355985132
2103,0.752994417
2104,0.400524439
2105,0.373093668
2106,0.135458942
2107,0.187659354
2108,0.194178449
2109,0.60486601
2110,0.311216722
2111,0.153495053
2112,0.32464324
2113,0.386959072
2114,0.828579828
2115,0.240470088
2116,0.437742025
2117,0.615717512
2118,0.471321626
2119,0.092295359
2120,0.18702794
2121,0.542263724
2122,0.244675249
2123,0.569980451
2124,0.196044553
2125,0.843572263
2126,0.314790607
2127,0.196196706
2128,0.177958961
2129,0.461917751
2130,0.637508552
2131,0.508412223
2132,0.248095328
2133,0.285278539
2134,0.25198428
2135,0.270971848
2136,0.439797324
2137,0.152756836
2138,0.452352039
2139,0.354304464
2140,0.242064753
2141,0.507580548
2142,0.254313296
2143,0.2881043
2144,0.32442833
2145,0.547281774
2146,0.749933483
2147,0.624184369
2148,0.558757381
2149,0.529688525
2150,0.361954714
2151,0.759677402
2152,0.257913129
2153,0.425689262
2154,0.173431677
2155,0.376005549
2156,0.586049815
2157,0.681379395
2158,0.433734982
2159,0.652413779
2160,0.612409329
2161,0.346860569
2162,0.398021972
2163,0.143941609
2164,0.538344127
2165,0.179806532
2166,0.259703729
2167,0.330495992
2168,0.431443065
2169,0.744508727
2170,0.362612177
2171,0.51380157
2172,0.310808194
2173,0.169478862
2174,0.562951401
2175,0.268555746
2176,0.237410985
2177,0.227594124
2178,0.256641874
2179,0.335944653
2180,0.757548432
2181,0.823535926
2182,0.441453096
2183,0.471669172
2184,0.488873624
2185,0.53874582
2186,0.731075112
2187,0.580198437
2188,0.362341528
2189,0.554260116
2190,0.675574147
2191,0.504883229
2192,0.394810516
2193,0.30381159
2194,0.148150143
2195,0.039617082
2196,0.54608301
2197,0.344099106
2198,0.503352998
2199,0.340945992
2200,0.332462205
2201,0.093797338
2202,0.202189562
2203,0.498823373
2204,0.420692542
2205,0.203717948
2206,0.416502677
2207,0.41117435
2208,0.347432905
2209,0.066981546
2210,0.283142848
2211,0.595002985
2212,0.797785712
2213,0.463312524
2214,0.579607035
2215,0.095069868
2216,0.18811272
2217,0.280721796
2218,0.759389714
2219,0.282733383
2220,0.232907883
2221,0.272931023
2222,0.272870283
2223,0.219603124
2224,0.641470364
2225,0.13540035
2226,0.585357972
2227,0.284926758
2228,0.373716527
2229,0.293238582
2230,0.198783236
2231,0.841009506
2232,0.345524123
2233,0.450490705
2234,0.533710729
2235,0.21548721
2236,0.332670035
2237,0.286805418
2238,0.575299033
2239,0.220208623
2240,0.805765229
2241,0.269501979
2242,0.582914374
2243,0.323313733
2244,0.798750022
2245,0.334162823
2246,0.246810268
2247,0.210426769
2248,0.28079446
2249,0.152300245
2250,0.493601829
2251,0.241283952
2252,0.639880449
2253,0.418343087
2254,0.491237116
2255,0.243916167
2256,0.349167055
2257,0.598882164
2258,0.138540375
2259,0.251014278
2260,0.62979613
2261,0.076929186
2262,0.155132957
2263,0.297711234
2264,0.459417145
2265,0.176270357
2266,0.166952937
2267,0.336685943
2268,0.642398185
2269,0.16985825
2270,0.420649617
2271,0.097896314
2272,0.174190293
2273,0.248042398
2274,0.507504969
2275,0.414987996
2276,0.200443242
2277,0.307124583
2278,0.401043228
2279,0.229923341
2280,0.197612051
2281,0.726630745
2282,0.522910975
2283,0.322682348
2284,0.352016887
2285,0.099336698
2286,0.486053449
2287,0.775577046
2288,0.497548096
2289,0.188653095
2290,0.326770996
2291,0.524179928
2292,0.241755284
2293,0.468040547
2294,0.741219126
2295,0.274262402
2296,0.597088672
2297,0.261453226
2298,0.275147662
2299,0.33806889
2300,0.283597842
2301,0.470846149
2302,0.276502829
2303,0.356621299
2304,0.319292542
2305,0.423703416
2306,0.177410341
2307,0.207968432
2308,0.10536446
2309,0.459142118
2310,0.507893725
2311,0.546828813
2312,0.508114229
2313,0.23297647
2314,0.109564953
2315,0.222255675
2316,0.338550677
2317,0.782427732
2318,0.624220423
2319,0.297024786
2320,0.244905806
2321,0.393965075
2322,0.417476331
2323,0.381574343
2324,0.214155024
2325,0.607760532
2326,0.415971021
2327,0.093760507
2328,0.489821715
2329,0.282194651
2330,0.308638745
2331,0.425738116
2332,0.201344292
2333,0.212114833
2334,0.235189557
2335,0.301768819
2336,0.291982258
2337,0.151407707
2338,0.728139754
2339,0.782497659
2340,0.720806142
2341,0.430741529
2342,0.155647752
2343,0.596584743
2344,0.145348617
2345,0.129708169
2346,0.685630634
2347,0.173452177
2348,0.247488251
2349,0.504362019
2350,0.290937827
2351,0.655394431
2352,0.30822686
2353,0.738417049
2354,0.22976534
2355,0.714922721
2356,0.183783038
2357,0.273960216
2358,0.414925089
2359,0.162229317
2360,0.347346711
2361,0.547242428
2362,0.792970536
2363,0.255879147
2364,0.414174204
2365,0.568229575
2366,0.486397613
2367,0.539500405
2368,0.233339317
2369,0.13090421
2370,0.339238305
2371,0.402787579
2372,0.462116558
2373,0.419541497
2374,0.65823346
2375,0.131120888
2376,0.583991536
2377,0.595885875
2378,0.137022866
2379,0.530308853
2380,0.452851572
2381,0.534280274
2382,0.277793681
2383,0.521299712
2384,0.405964708
2385,0.650449504
2386,0.283654301
2387,0.435910197
2388,0.598136937
2389,0.840210235
2390,0.300038018
2391,0.321987021
2392,0.640280734
2393,0.790906919
2394,0.304384795
2395,0.338590581
2396,0.422109093
2397,0.377192497
2398,0.284773392
2399,0.539560152
2400,0.191900315
2401,0.597326229
2402,0.778834697
2403,0.719812003
2404,0.163471274
2405,0.406418974
2406,0.260837632
2407,0.521135247
2408,0.341030862
2409,0.393800175
2410,0.649198836
2411,0.281935092
2412,0.103789097
2413,0.431117594
2414,0.489363091
2415,0.24294429
2416,0.419888404
2417,0.134918734
2418,0.234586458
2419,0.310890141
2420,0.515066247
2421,0.376729634
2422,0.278465306
2423,0.229309733
2424,0.509911769
2425,0.422197081
2426,0.191620903
2427,0.126690968
2428,0.227441891
2429,0.325269862
2430,0.226914536
2431,0.399465337
2432,0.146920938
2433,0.120425764
2434,0.291870665
2435,0.791441029
2436,0.344595848
2437,0.301282325
2438,0.170113118
2439,0.233143079
2440,0.364288774
2441,0.151064809
2442,0.277263171
2443,0.808271845
2444,0.238941531
2445,0.573832591
2446,0.218771879
2447,0.354970851
2448,0.2653472
2449,0.544676138
2450,0.691564962
2451,0.285140067
2452,0.505315631
2453,0.177671355
2454,0.265846293
2455,0.268464935
2456,0.407354311
2457,0.642284795
2458,0.623602988
2459,0.137385572
2460,0.769772692
2461,0.348957378
2462,0.12966154
2463,0.207938566
2464,0.4945228
2465,0.290959892
2466,0.222809986
2467,0.409885011
2468,0.344133464
2469,0.13808072
2470,0.594911044
2471,0.372084963
2472,0.40964394
2473,0.320716637
2474,0.311863552
2475,0.187172574
2476,0.162562774
2477,0.108389143
2478,0.294176709
2479,0.271925109
2480,0.76522226
2481,0.72692164
2482,0.119936267
2483,0.564364571
2484,0.262296305
2485,0.265740768
2486,0.336613421
2487,0.354226977
2488,0.361105077
2489,0.266828063
2490,0.131510561
2491,0.187076612
2492,0.677365146
2493,0.103139314
2494,0.360715931
2495,0.233092602
2496,0.620404798
2497,0.531681948
2498,0.238954649
2499,0.182310978
2500,0.095434474
2501,0.265412465
2502,0.635158048
2503,0.360958745
2504,0.611891657
2505,0.550783456
2506,0.611103044
2507,0.537442942
2508,0.264686427
2509,0.197200227
2510,0.194343321
2511,0.156853128
2512,0.55469151
2513,0.260392744
2514,0.200040863
2515,0.402152006
2516,0.369550961
2517,0.217356678
2518,0.435768553
2519,0.526065119
2520,0.604275316
2521,0.225211551
2522,0.162572497
2523,0.284762272
2524,0.219391522
2525,0.345034199
2526,0.174275901
2527,0.447236241
2528,0.152835635
2529,0.157858157
2530,0.564282209
2531,0.284706571
2532,0.332921703
2533,0.727415868
2534,0.724237356
2535,0.471135819
2536,0.302603213
2537,0.374027037
2538,0.3809737
2539,0.374854766
2540,0.639870762
2541,0.528176924
2542,0.279665027
2543,0.123753751
2544,0.253671339
2545,0.516378358
2546,0.318628046
2547,0.152582586
2548,0.762715502
2549,0.188287238
2550,0.131486646
2551,0.788932221
2552,0.438414016
2553,0.180794997
2554,0.29996294
2555,0.131208256
2556,0.286129218
2557,0.7226527
2558,0.293368659
2559,0.212504531
2560,0.55939536
2561,0.726574708
2562,0.627070357
2563,0.306782319
2564,0.14450448
2565,0.230161857
2566,0.624316192
2567,0.291680552
2568,0.249668728
2569,0.406332912
2570,0.240057472
2571,0.315824509
2572,0.274808007
2573,0.304103157
2574,0.224771664
2575,0.275170367
2576,0.333119367
2577,0.559588117
2578,0.423901307
2579,0.301343032
2580,0.338267383
2581,0.444930262
2582,0.292885591
2583,0.208873501
2584,0.185818822
2585,0.390421321
2586,0.468763152
2587,0.161165838
2588,0.538687879
2589,0.136136406
2590,0.77319533
2591,0.516101091
2592,0.724127401
2593,0.328379734
2594,0.494513253
2595,0.515309146
2596,0.421184775
2597,0.348022617
2598,0.286195189
2599,0.451953581
2600,0.478900875
2601,0.038480455
2602,0.387825915
2603,0.326381637
2604,0.554754139
2605,0.394624167
2606,0.358043689
2607,0.360723905
2608,0.412672879
2609,0.727366248
2610,0.364281643
2611,0.339019734
2612,0.382450155
2613,0.732655996
2614,0.318529401
2615,0.18319895
2616,0.746108719
2617,0.592902981
2618,0.110141973
2619,0.559167376
2620,0.591785186
2621,0.601948434
2622,0.258731973
2623,0.231305991
2624,0.09706366
2625,0.273548203
2626,0.175126962
2627,0.420682361
2628,0.273483191
2629,0.098185539
2630,0.430931012
2631,0.337065067
2632,0.345228731
2633,0.404820219
2634,0.479558861
2635,0.194656296
2636,0.257208037
2637,0.25064788
2638,0.851217335
2639,0.355646811
2640,0.39696842
2641,0.408145663
2642,0.343696036
2643,0.172953136
2644,0.294924143
2645,0.249158121
2646,0.437149055
2647,0.573062084
2648,0.661702321
2649,0.758485512
2650,0.284113934
2651,0.276335008
2652,0.495962967
2653,0.688611674
2654,0.493361105
2655,0.230737064
2656,0.442256748
2657,0.436947426
2658,0.17781555
2659,0.226503909
2660,0.301855206
2661,0.653883853
2662,0.498419191
2663,0.304391088
2664,0.323021512
2665,0.362355771
2666,0.210483501
2667,0.315457909
2668,0.415188727
2669,0.356613604
2670,0.328555752
2671,0.694073945
2672,0.549329081
2673,0.357104938
2674,0.723115788
2675,0.439930648
2676,0.29412149
2677,0.271466661
2678,0.41272893
2679,0.356534656
2680,0.209894219
2681,0.412466369
2682,0.771344499
2683,0.643259752
2684,0.538205546
2685,0.208857491
2686,0.32398484
2687,0.169242807
2688,0.512649834
2689,0.368347371
2690,0.314463268
2691,0.578419542
2692,0.610573159
2693,0.796687727
2694,0.168756327
2695,0.471344347
2696,0.267218987
2697,0.171331787
2698,0.378886565
2699,0.689447771
2700,0.100545706
2701,0.410054324
2702,0.468573249
2703,0.41424763
2704,0.517820838
2705,0.512592144
2706,0.51244585
2707,0.328167865
2708,0.437263376
2709,0.335396485
2710,0.404578097
2711,0.58335508
2712,0.23866678
2713,0.124760611
2714,0.495790573
2715,0.525862664
2716,0.820656913
2717,0.205647349
2718,0.690759032
2719,0.396933618
2720,0.520270388
2721,0.284786285
2722,0.654759937
2723,0.587796059
2724,0.568063253
2725,0.270312458
2726,0.430265818
2727,0.471252207
2728,0.850388714
2729,0.469019817
2730,0.452543038
2731,0.473883735
2732,0.140091246
2733,0.099159173
2734,0.51830445
2735,0.300144247
2736,0.310073358
2737,0.449278667
2738,0.418694272
2739,0.175742322
2740,0.290081303
2741,0.310366813
2742,0.303112472
2743,0.122551595
2744,0.158746629
2745,0.390872334
2746,0.308268689
2747,0.373901375
2748,0.422813749
2749,0.384089037
2750,0.244225113
2751,0.334390632
2752,0.32699483
2753,0.441643861
2754,0.454019254
2755,0.501457408
2756,0.17061016
2757,0.341942184
2758,0.519220464
2759,0.319286131
2760,0.291375293
2761,0.402700967
2762,0.203954322
2763,0.371080276
2764,0.261310739
2765,0.601154273
2766,0.460770367
2767,0.327177874
2768,0.39564531
2769,0.196038376
2770,0.230710562
2771,0.63703091
2772,0.049140828
2773,0.187624016
2774,0.575817462
2775,0.639800214
2776,0.264026068
2777,0.387314178
2778,0.120722132
2779,0.512828788
2780,0.486419037
2781,0.262720053
2782,0.302487283
2783,0.290543366
2784,0.598469992
2785,0.655957435
2786,0.52733629
2787,0.296463353
2788,0.144071965
2789,0.827154459
2790,0.467177866
2791,0.234547302
2792,0.457666486
2793,0.334810533
2794,0.129418771
2795,0.222802034
2796,0.26147022
2797,0.284703634
2798,0.330211644
2799,0.305735682
2800,0.429193954
2801,0.657067528
2802,0.538241847
2803,0.302418886
2804,0.185408176
2805,0.468278023
2806,0.232925887
2807,0.319250883
2808,0.401636477
2809,0.337237378
2810,0.374184172
2811,0.578547661
2812,0.232597492
2813,0.26777182
2814,0.533944296
2815,0.389774976
2816,0.473143713
2817,0.292719372
2818,0.463374969
2819,0.350105676
2820,0.306569127
2821,0.628462229
2822,0.440096445
2823,0.617972455
2824,0.660595603
2825,0.139670635
2826,0.200784819
2827,0.796125167
2828,0.270936069
2829,0.385117948
2830,0.347436384
2831,0.442915389
2832,0.268692646
2833,0.635816956
2834,0.096320375
2835,0.157082341
2836,0.25407501
2837,0.04834028
2838,0.738064386
2839,0.348513134
2840,0.346091166
2841,0.116753588
2842,0.426187182
2843,0.432342028
2844,0.621464971
2845,0.505215188
2846,0.436185116
2847,0.250170444
2848,0.324760252
2849,0.532275867
2850,0.747183831
2851,0.451031174
2852,0.261018867
2853,0.584429035
2854,0.339376145
2855,0.218566341
2856,0.621632819
2857,0.187577251
2858,0.320098258
2859,0.22410262
2860,0.298341363
2861,0.676081238
2862,0.235780432
2863,0.401296659
2864,0.124980805
2865,0.236530794
2866,0.27052349
2867,0.132308547
2868,0.256947433
2869,0.373143225
2870,0.177594047
2871,0.23684098
2872,0.656093483
2873,0.293242527
2874,0.191551145
2875,0.369863883
2876,0.248026721
2877,0.539290469
2878,0.655715814
2879,0.587660135
2880,0.255027477
2881,0.202593907
2882,0.510441557
2883,0.1887587
2884,0.486843403
2885,0.34233704
2886,0.170713915
2887,0.20840335
2888,0.136674317
2889,0.231608557
2890,0.245158013
2891,0.231987895
2892,0.419332705
2893,0.228712902
2894,0.402154024
2895,0.201412594
2896,0.223056782
2897,0.380667868
2898,0.365986282
2899,0.857194146
2900,0.098688559
2901,0.606262255
2902,0.195013248
2903,0.281801301
2904,0.425992297
2905,0.685846787
2906,0.370480677
2907,0.483927975
2908,0.495992451
2909,0.292978189
2910,0.588657829
2911,0.155017255
2912,0.291074244
2913,0.249965929
2914,0.608000449
2915,0.209336123
2916,0.630339358
2917,0.265880383
2918,0.518963718
2919,0.274260169
2920,0.140942404
2921,0.723152438
2922,0.432875343
2923,0.556894969
2924,0.388696772
2925,0.257186213
2926,0.116086236
2927,0.482557552
2928,0.501047113
2929,0.530731057
2930,0.272806183
2931,0.393240365
2932,0.754653503
2933,0.395245337
2934,0.406249894
2935,0.387261168
2936,0.356685384
2937,0.248265852
2938,0.091867289
2939,0.488890841
2940,0.415756225
2941,0.334506939
2942,0.617068714
2943,0.462008076
2944,0.414849627
2945,0.311642114
2946,0.615046679
2947,0.669011074
2948,0.337144149
2949,0.309105089
2950,0.254455386
2951,0.638124952
2952,0.284271493
2953,0.299757917
2954,0.296218216
2955,0.47962265
2956,0.416539689
2957,0.573508418
2958,0.248665042
2959,0.552486386
2960,0.733129466
2961,0.302082065
2962,0.315316309
2963,0.318066509
2964,0.159910143
2965,0.168392019
2966,0.159009725
2967,0.278141139
2968,0.177887606
2969,0.446164379
2970,0.490551781
2971,0.242715778
2972,0.309867494
2973,0.187809709
2974,0.296136985
2975,0.726709232
2976,0.735059211
2977,0.136298692
2978,0.284263805
2979,0.409046858
2980,0.578437651
2981,0.412829035
2982,0.290865271
2983,0.332587952
2984,0.652830043
2985,0.304918443
2986,0.472600013
2987,0.615551637
2988,0.646475858
2989,0.16912934
2990,0.180755242
2991,0.377511468
2992,0.378274169
2993,0.238027352
2994,0.128053592
2995,0.517969465
2996,0.292866301
2997,0.147915136
2998,0.289724575
2999,0.418679502
3000,0.741212391
3001,0.159630711
3002,0.260070857
3003,0.178624708
3004,0.31414997
3005,0.458282039
3006,0.330956339
3007,0.423878204
3008,0.805763228
3009,0.370991444
3010,0.180260107
3011,0.305729741
3012,0.363733911
3013,0.438846618
3014,0.411556469
3015,0.396538703
3016,0.502417723
3017,0.407934904
3018,0.820744264
3019,0.611451335
3020,0.502546286
3021,0.230501477
3022,0.186021156
3023,0.327647107
3024,0.087463356
3025,0.670266373
3026,0.60377174
3027,0.281637179
3028,0.44380688
3029,0.440892866
3030,0.46455823
3031,0.230676128
3032,0.682170214
3033,0.310570437
3034,0.152831528
3035,0.54649299
3036,0.321984146
3037,0.237365522
3038,0.341405761
3039,0.509174552
3040,0.30199555
3041,0.339466654
3042,0.278990257
3043,0.706409026
3044,0.645105406
3045,0.192254624
3046,0.568962011
3047,0.423749225
3048,0.487568576
3049,0.578853058
3050,0.345039406
3051,0.378248765
3052,0.258009256
3053,0.463796825
3054,0.103930273
3055,0.186580118
3056,0.274565231
3057,0.5394051
3058,0.276988788
3059,0.29618063
3060,0.642769892
3061,0.475674968
3062,0.27075496
3063,0.732457475
3064,0.338110173
3065,0.320157445
3066,0.407390936
3067,0.51632301
3068,0.339745594
3069,0.629026359
3070,0.326817473
3071,0.322119946
3072,0.231782118
3073,0.234481438
3074,0.567825793
3075,0.581945862
3076,0.247546803
3077,0.521471074
3078,0.285645206
3079,0.133774071
3080,0.274075089
3081,0.302464023
3082,0.290337336
3083,0.653034605
3084,0.273284752
3085,0.793704123
3086,0.496447533
3087,0.438221493
3088,0.17799247
3089,0.125958418
3090,0.377059985
3091,0.700254855
3092,0.140139574
3093,0.080671312
3094,0.365379958
3095,0.52521742
3096,0.456204941
3097,0.218109437
3098,0.349140492
3099,0.33202216
3100,0.744808817
3101,0.110123151
3102,0.484979922
3103,0.388071096
3104,0.316740789
3105,0.181024813
3106,0.157618476
3107,0.18656819
3108,0.701530805
3109,0.646860761
3110,0.480945491
3111,0.75991192
3112,0.161544155
3113,0.526385414
3114,0.607396295
3115,0.361559486
3116,0.223747021
3117,0.762878394
3118,0.445497358
3119,0.178337334
3120,0.486931761
3121,0.663121047
3122,0.100195963
3123,0.265522803
3124,0.218056523
3125,0.327313827
3126,0.192111861
3127,0.628612381
3128,0.226532442
3129,0.159436338
3130,0.651141741
3131,0.275141077
3132,0.256737968
3133,0.378870271
3134,0.711151833
3135,0.549317282
3136,0.314249321
3137,0.3654663
3138,0.762579636
3139,0.149540636
3140,0.702271366
3141,0.246339971
3142,0.786408135
3143,0.475349175
3144,0.186450052
3145,0.20423768
3146,0.223205444
3147,0.323235059
3148,0.790421717
3149,0.170036217
3150,0.754673353
3151,0.378538685
3152,0.584682481
3153,0.077038679
3154,0.332293824
3155,0.893433158
3156,0.279021286
3157,0.545700711
3158,0.093529972
3159,0.223712328
3160,0.06142565
3161,0.470187106
3162,0.430715441
3163,0.357678835
3164,0.607450008
3165,0.43550666
3166,0.770788367
3167,0.234964478
3168,0.264015249
3169,0.509621972
3170,0.229609521
3171,0.657630409
3172,0.419031902
3173,0.385870413
3174,0.463369976
3175,0.394330316
3176,0.690587229
3177,0.186210739
3178,0.259847491
3179,0.349526595
3180,0.407978306
3181,0.432631664
3182,0.727779
3183,0.398481186
3184,0.280858614
3185,0.305941127
3186,0.353590819
3187,0.159865174
3188,0.680856026
3189,0.681911376
3190,0.282199073
3191,0.193712799
3192,0.328289202
3193,0.540645779
3194,0.116285435
3195,0.241127861
3196,0.538625618
3197,0.251304689
3198,0.243711826
3199,0.08772375
3200,0.50689455
3201,0.275562277
3202,0.507395394
3203,0.411657292
3204,0.61664781
3205,0.385069646
3206,0.491524878
3207,0.364946392
3208,0.327555929
3209,0.457154135
3210,0.26740423
3211,0.789693753
3212,0.798142946
3213,0.510630441
3214,0.476375724
3215,0.425697153
3216,0.718275516
3217,0.195807681
3218,0.310307304
3219,0.535200648
3220,0.229942325
3221,0.237442187
3222,0.349764708
3223,0.264763291
3224,0.119688928
3225,0.270385511
3226,0.579001532
3227,0.253385798
3228,0.072196461
3229,0.323031143
3230,0.308457482
3231,0.282754267
3232,0.454758296
3233,0.761738031
3234,0.237021318
3235,0.331479737
3236,0.19390558
3237,0.430358647
3238,0.272119627
3239,0.277943644
3240,0.548563101
3241,0.27065466
3242,0.498806272
3243,0.574709137
3244,0.120869817
3245,0.252661829
3246,0.705790712
3247,0.243205203
3248,0.093102577
3249,0.559483052
3250,0.240243536
3251,0.482948433
3252,0.254845821
3253,0.087168779
3254,0.317566296
3255,0.753219143
3256,0.452610731
3257,0.273448475
3258,0.626468696
3259,0.290351188
3260,0.763324343
3261,0.50900404
3262,0.303524221
3263,0.272523245
3264,0.33923365
3265,0.264704228
3266,0.382630482
3267,0.28185568
3268,0.10266206
3269,0.360887664
3270,0.28510326
3271,0.205657365
3272,0.309525606
3273,0.188392605
3274,0.279292225
3275,0.241998927
3276,0.217973334
3277,0.274976566
3278,0.280989475
3279,0.431576138
3280,0.127012852
3281,0.756129848
3282,0.260416395
3283,0.623213465
3284,0.160347983
3285,0.149413968
3286,0.117213283
3287,0.372062395
3288,0.202963192
3289,0.33958387
3290,0.474986574
3291,0.528500331
3292,0.583200737
3293,0.702977594
3294,0.733515415
3295,3.07E-06
3296,0.572898569
3297,0.45301584
3298,0.206138705
3299,0.220927876
3300,0.52853926
3301,0.217289632
3302,0.224688435
3303,0.415332785
3304,0.423779969
3305,0.481788802
3306,0.294836904
3307,0.249658305
3308,0.257598955
3309,0.131910826
3310,0.420475424
3311,0.296224364
3312,0.382783284
3313,0.391381143
3314,0.182231081
3315,0.472718445
3316,0.435575124
3317,0.2650517
3318,0.399100842
3319,0.326653722
3320,0.382842005
3321,0.233018762
3322,0.727275829
3323,0.296189761
3324,0.357757419
3325,0.419210616
3326,0.484893076
3327,0.631509916
3328,0.82422632
3329,0.664907926
3330,0.476104514
3331,0.775198475
3332,0.471032294
3333,0.800862753
3334,0.725820993
3335,0.081783676
3336,0.578158062
3337,0.050685946
3338,0.11449799
3339,0.31613197
3340,0.62482214
3341,0.378127044
3342,0.810681681
3343,0.17219066
3344,0.460193712
3345,0.231723115
3346,0.367498784
3347,0.269109986
3348,0.175905036
3349,0.433495156
3350,0.403548078
3351,0.371404601
3352,0.384864876
3353,0.237149151
3354,0.23624926
3355,0.40336407
3356,0.408618504
3357,0.437434976
3358,0.232733238
3359,0.150018479
3360,0.282720353
3361,0.150379816
3362,0.364015694
3363,0.527043426
3364,0.4048402
3365,0.553192701
3366,0.462388628
3367,0.469040173
3368,0.120611142
3369,0.214851063
3370,0.453390296
3371,0.560057654
3372,0.556397688
3373,0.548665603
3374,0.188969174
3375,0.640618199
3376,0.576395672
3377,0.728070416
3378,0.761425372
3379,0.13839772
3380,0.79065464
3381,0.417521965
3382,0.366610763
3383,0.539464112
3384,0.205604888
3385,0.376301689
3386,0.265162034
3387,0.237110641
3388,0.586357655
3389,0.525972262
3390,0.410376279
3391,0.439933389
3392,0.522138393
3393,0.267696794
3394,0.228169075
3395,0.640971118
3396,0.521000972
3397,0.451130585
3398,0.310656677
3399,0.240782066
3400,0.46048996
3401,0.374956684
3402,0.529371422
3403,0.293617595
3404,0.168256091
3405,0.210422105
3406,0.160903077
3407,0.450542346
3408,0.609476906
3409,0.588325628
3410,0.37028763
3411,0.410753706
3412,0.288252372
3413,0.198014861
3414,0.267598775
3415,0.793771445
3416,0.210428274
3417,0.532573807
3418,0.151532481
3419,0.727166724
3420,0.241122114
3421,0.058033117
3422,0.324475513
3423,0.141644112
3424,0.251156561
3425,0.337676487
3426,0.105765098
3427,0.37714872
3428,0.614021823
3429,0.682002975
3430,0.439402598
3431,0.226874649
3432,0.432352918
3433,0.497584476
3434,0.102501056
3435,0.143542517
3436,0.413832012
3437,0.114805477
3438,0.60234173
3439,0.30605287
3440,0.352138035
3441,0.284864045
3442,0.478810609
3443,0.604999271
3444,0.730895626
3445,0.230791045
3446,0.143789558
3447,0.220143438
3448,0.148006673
3449,0.44936915
3450,0.626191892
3451,0.244955501
3452,0.717461101
3453,0.327153301
3454,0.331420167
3455,0.35454094
3456,0.203096355
3457,0.589050959
3458,0.305544378
3459,0.379992514
3460,0.790155794
3461,0.468810407
3462,0.523262022
3463,0.352806986
3464,0.628492777
3465,0.691862935
3466,0.713821011
3467,0.32565126
3468,0.733862107
3469,0.23015522
3470,0.282766907
3471,0.280248905
3472,0.27515716
3473,0.056851914
3474,0.469263717
3475,0.44506089
3476,0.364682196
3477,0.324035967
3478,0.144580213
3479,0.143781945
3480,0.284558092
